stock_id,stock_name,industry_category,coverage_ratio
1104,環泥,水泥工業,1.0
1108,幸福,水泥工業,1.0
1201,味全,食品工業,1.0
1203,味王,食品工業,1.0
1210,大成,食品工業,1.0
1215,卜蜂,食品工業,1.0
1217,愛之味,食品工業,1.0
1218,泰山,食品工業,1.0
1219,福壽,食品工業,1.0
1220,台榮,食品工業,1.0
1227,佳格,食品工業,1.0
1231,聯華食,食品工業,1.0
1232,大統益,食品工業,1.0
1233,天仁,食品工業,1.0
1234,黑松,食品工業,1.0
1256,鮮活果汁-KY,食品工業,1.0
1301,台塑,塑膠工業,1.0
1303,南亞,塑膠工業,1.0
1304,台聚,塑膠工業,1.0
1305,華夏,塑膠工業,1.0
1307,三芳,塑膠工業,1.0
1308,亞聚,塑膠工業,1.0
1309,台達化,塑膠工業,1.0
1310,台苯,塑膠工業,1.0
1312,國喬,塑膠工業,1.0
1313,聯成,塑膠工業,1.0
1314,中石化,塑膠工業,1.0
1319,東陽,汽車工業,1.0
1321,大洋,塑膠工業,1.0
1323,永裕,塑膠工業,1.0
1326,台化,塑膠工業,1.0
1337,再生-KY,塑膠工業,1.0
1338,廣華-KY,汽車工業,1.0
1339,昭輝,汽車工業,1.0
1340,勝悅-KY,塑膠工業,1.0
1402,遠東新,紡織纖維,1.0
1409,新纖,紡織纖維,1.0
1414,東和,紡織纖維,1.0
1434,福懋,紡織纖維,1.0
1437,勤益控,其他,1.0
1440,南紡,紡織纖維,1.0
1442,名軒,建材營造,1.0
1444,力麗,紡織纖維,1.0
1445,大宇,紡織纖維,1.0
1446,宏和,紡織纖維,1.0
1447,力鵬,紡織纖維,1.0
1452,宏益,紡織纖維,1.0
1455,集盛,紡織纖維,1.0
1459,聯發,紡織纖維,1.0
1463,強盛新,紡織纖維,1.0
1464,得力,紡織纖維,1.0
1467,南緯,紡織纖維,1.0
1468,昶和,紡織纖維,1.0
1473,台南,紡織纖維,1.0
1474,弘裕,紡織纖維,1.0
1476,儒鴻,紡織纖維,1.0
1477,聚陽,紡織纖維,1.0
1503,士電,電機機械,1.0
1504,東元,電機機械,1.0
1506,正道,電機機械,1.0
1513,中興電,電機機械,1.0
1514,亞力,電機機械,1.0
1515,力山,電機機械,1.0
1517,利奇,電機機械,1.0
1519,華城,電機機械,1.0
1521,大億,汽車工業,1.0
1522,堤維西,汽車工業,1.0
1526,日馳,電機機械,1.0
1528,恩德,電機機械,1.0
1531,高林股,電機機械,1.0
1532,勤美,電機機械,1.0
1533,車王電,汽車工業,1.0
1536,和大,汽車工業,1.0
1537,廣隆,電機機械,1.0
1539,巨庭,電機機械,1.0
1540,喬福,電機機械,1.0
1558,伸興,電機機械,1.0
1560,中砂,電機機械,1.0
1568,倉佑,汽車工業,1.0
1589,永冠-KY,電機機械,1.0
1590,亞德客-KY,電機機械,1.0
1597,直得,電機機械,1.0
1605,華新,電器電纜,1.0
1608,華榮,電器電纜,1.0
1609,大亞,電器電纜,1.0
1612,宏泰,電器電纜,1.0
1616,億泰,電器電纜,1.0
1626,艾美特-KY,電器電纜,1.0
1702,南僑,食品工業,1.0
1707,葡萄王,化學生技醫療,1.0
1708,東鹼,化學工業,1.0
1710,東聯,化學工業,1.0
1711,永光,化學生技醫療,1.0
1712,興農,化學生技醫療,1.0
1714,和桐,化學工業,1.0
1718,中纖,化學工業,1.0
1722,台肥,化學工業,1.0
1723,中碳,化學工業,1.0
1727,中華化,化學工業,1.0
1730,花仙子,化學工業,1.0
1733,五鼎,化學生技醫療,1.0
1736,喬山,生技醫療業,1.0
1737,臺鹽,食品工業,1.0
1752,南光,化學生技醫療,1.0
1762,中化生,化學生技醫療,1.0
1773,勝一,化學工業,1.0
1783,和康生,化學生技醫療,1.0
1786,科妍,生技醫療業,1.0
1789,神隆,化學生技醫療,1.0
1795,美時,化學生技醫療,1.0
1802,台玻,玻璃陶瓷,1.0
1808,潤隆,建材營造,1.0
1817,凱撒衛,玻璃陶瓷,1.0
1904,正隆,造紙工業,1.0
1906,寶隆,造紙工業,1.0
1907,永豐餘,造紙工業,1.0
1909,榮成,造紙工業,1.0
2002,中鋼,鋼鐵工業,1.0
2009,第一銅,鋼鐵工業,1.0
2010,春源,鋼鐵工業,1.0
2013,中鋼構,鋼鐵工業,1.0
2014,中鴻,鋼鐵工業,1.0
2015,豐興,鋼鐵工業,1.0
2020,美亞,鋼鐵工業,1.0
2023,燁輝,鋼鐵工業,1.0
2024,志聯,鋼鐵工業,1.0
2029,盛餘,鋼鐵工業,1.0
2059,川湖,電子零組件業,1.0
2062,橋椿,其他,1.0
2101,南港,橡膠工業,1.0
2103,台橡,橡膠工業,1.0
2105,正新,橡膠工業,1.0
2106,建大,橡膠工業,1.0
2108,南帝,橡膠工業,1.0
2114,鑫永銓,橡膠工業,1.0
2227,裕日車,汽車工業,1.0
2228,劍麟,汽車工業,1.0
2233,宇隆,汽車工業,1.0
2301,光寶科,電腦及週邊設備業,1.0
2302,麗正,電子工業,1.0
2305,全友,電子工業,1.0
2308,台達電,電子工業,1.0
2312,金寶,其他電子業,1.0
2313,華通,電子工業,1.0
2328,廣宇,電子工業,1.0
2330,台積電,半導體業,1.0
2331,精英,電子工業,1.0
2338,光罩,半導體業,1.0
2344,華邦電,半導體業,1.0
2345,智邦,通信網路業,1.0
2347,聯強,電子工業,1.0
2351,順德,電子工業,1.0
2352,佳世達,電腦及週邊設備業,1.0
2353,宏碁,電子工業,1.0
2355,敬鵬,電子工業,1.0
2356,英業達,電子工業,1.0
2357,華碩,電子工業,1.0
2359,所羅門,其他電子業,1.0
2360,致茂,其他電子業,1.0
2362,藍天,電子工業,1.0
2365,昆盈,電子工業,1.0
2367,燿華,電子零組件業,1.0
2369,菱生,電子工業,1.0
2376,技嘉,電子工業,1.0
2377,微星,電子工業,1.0
2379,瑞昱,電子工業,1.0
2382,廣達,電子工業,1.0
2383,台光電,電子工業,1.0
2385,群光,電子工業,1.0
2388,威盛,電子工業,1.0
2392,正崴,電子工業,1.0
2393,億光,光電業,1.0
2395,研華,電子工業,1.0
2399,映泰,電子工業,1.0
2401,凌陽,半導體業,1.0
2405,輔信,電子工業,1.0
2408,南亞科,半導體業,1.0
2412,中華電,通信網路業,1.0
2413,環科,電子工業,1.0
2414,精技,電子工業,1.0
2420,新巨,電子工業,1.0
2421,建準,電子工業,1.0
2423,固緯,其他電子業,1.0
2425,承啟,電子工業,1.0
2426,鼎元,光電業,1.0
2427,三商電,資訊服務業,1.0
2428,興勤,電子零組件業,1.0
2431,聯昌,電子工業,1.0
2433,互盛電,其他電子業,1.0
2439,美律,通信網路業,1.0
2441,超豐,半導體業,1.0
2444,兆勁,通信網路業,1.0
2450,神腦,電子工業,1.0
2451,創見,半導體業,1.0
2453,凌群,資訊服務業,1.0
2457,飛宏,電子工業,1.0
2459,敦吉,電子通路業,1.0
2460,建通,電子工業,1.0
2461,光群雷,其他電子業,1.0
2462,良得電,電子工業,1.0
2464,盟立,其他電子業,1.0
2466,冠西電,電子工業,1.0
2467,志聖,電子零組件業,1.0
2471,資通,資訊服務業,1.0
2476,鉅祥,電子工業,1.0
2483,百容,電子工業,1.0
2484,希華,電子工業,1.0
2485,兆赫,通信網路業,1.0
2486,一詮,光電業,1.0
2488,漢平,其他電子業,1.0
2493,揚博,電子工業,1.0
2495,普安,其他電子業,1.0
2497,怡利電,汽車工業,1.0
2506,太設,建材營造,1.0
2509,全坤建,建材營造,1.0
2511,太子,建材營造,1.0
2515,中工,建材營造,1.0
2516,新建,建材營造,1.0
2520,冠德,建材營造,1.0
2530,華建,建材營造,1.0
2536,宏普,建材營造,1.0
2537,聯上發,建材營造,1.0
2538,基泰,建材營造,1.0
2542,興富發,建材營造,1.0
2545,皇翔,建材營造,1.0
2546,根基,建材營造,1.0
2547,日勝生,建材營造,1.0
2548,華固,建材營造,1.0
2605,新興,航運業,1.0
2606,裕民,航運業,1.0
2607,榮運,航運業,1.0
2608,嘉里大榮,航運業,1.0
2610,華航,航運業,1.0
2611,志信,航運業,1.0
2613,中櫃,航運業,1.0
2615,萬海,航運業,1.0
2616,山隆,油電燃氣業,1.0
2617,台航,航運業,1.0
2618,長榮航,航運業,1.0
2634,漢翔,航運業,1.0
2636,台驊控股,航運業,1.0
2637,慧洋-KY,航運業,1.0
2642,宅配通,航運業,1.0
2701,萬企,觀光事業,1.0
2704,國賓,觀光事業,1.0
2706,第一店,觀光事業,1.0
2707,晶華,觀光事業,1.0
2723,美食-KY,觀光事業,1.0
2727,王品,觀光事業,1.0
2731,雄獅,觀光事業,1.0
2801,彰銀,金融保險,1.0
2809,京城銀,金融保險,1.0
2812,台中銀,金融保險,1.0
2816,旺旺保,金融保險,1.0
2820,華票,金融保險,1.0
2832,台產,金融保險,1.0
2834,臺企銀,金融保險,1.0
2836,高雄銀,金融保險,1.0
2838,聯邦銀,金融保險,1.0
2845,遠東銀,金融保險,1.0
2850,新產,金融保險,1.0
2851,中再保,金融保險,1.0
2852,第一保,金融保險,1.0
2855,統一證,金融保險,1.0
2867,三商壽,金融保險,1.0
2880,華南金,金融保險,1.0
2881,富邦金,金融保險,1.0
2882,國泰金,金融保險,1.0
2883,凱基金,金融保險,1.0
2884,玉山金,金融保險,1.0
2885,元大金,金融保險,1.0
2886,兆豐金,金融保險,1.0
2890,永豐金,金融保險,1.0
2891,中信金,金融保險,1.0
2892,第一金,金融保險,1.0
2903,遠百,貿易百貨,1.0
2904,匯僑,其他,1.0
2905,三商,貿易百貨,1.0
2906,高林,貿易百貨,1.0
2908,特力,貿易百貨,1.0
2913,農林,貿易百貨,1.0
3003,健和興,電子工業,1.0
3004,豐達科,鋼鐵工業,1.0
3005,神基,電腦及週邊設備業,1.0
3006,晶豪科,電子工業,1.0
3008,大立光,電子工業,1.0
3010,華立,電子工業,1.0
3011,今皓,電子工業,1.0
3013,晟銘電,電子工業,1.0
3014,聯陽,半導體業,1.0
3016,嘉晶,半導體業,1.0
3017,奇鋐,電子工業,1.0
3019,亞光,光電業,1.0
3023,信邦,電子工業,1.0
3027,盛達,通信網路業,1.0
3028,增你強,電子工業,1.0
3029,零壹,資訊服務業,1.0
3030,德律,其他電子業,1.0
3031,佰鴻,電子工業,1.0
3032,偉訓,電子零組件業,1.0
3033,威健,電子通路業,1.0
3034,聯詠,半導體業,1.0
3038,全台,光電業,1.0
3042,晶技,電子工業,1.0
3044,健鼎,電子工業,1.0
3045,台灣大,通信網路業,1.0
3047,訊舟,通信網路業,1.0
3052,夆典,建材營造,1.0
3058,立德,電子工業,1.0
3059,華晶科,光電業,1.0
3062,建漢,通信網路業,1.0
3090,日電貿,電子零組件業,1.0
3092,鴻碩,電子零組件業,1.0
3094,聯傑,半導體業,1.0
3167,大量,電機機械,1.0
3189,景碩,半導體業,1.0
3209,全科,電子工業,1.0
3231,緯創,電子工業,1.0
3257,虹冠電,半導體業,1.0
3305,昇貿,其他電子業,1.0
3338,泰碩,電子零組件業,1.0
3376,新日興,電子工業,1.0
3406,玉晶光,光電業,1.0
3413,京鼎,半導體業,1.0
3416,融程電,電腦及週邊設備業,1.0
3419,譁裕,通信網路業,1.0
3437,榮創,光電業,1.0
3443,創意,半導體業,1.0
3450,聯鈞,其他電子業,1.0
3454,晶睿,光電業,1.0
3501,維熹,電子工業,1.0
3504,揚明光,光電業,1.0
3515,華擎,電子工業,1.0
3518,柏騰,其他電子業,1.0
3528,安馳,電子工業,1.0
3533,嘉澤,電子工業,1.0
3535,晶彩科,電子工業,1.0
3550,聯穎,電子零組件業,1.0
3563,牧德,光電業,1.0
3583,辛耘,半導體業,1.0
3588,通嘉,半導體業,1.0
3591,艾笛森,光電業,1.0
3596,智易,通信網路業,1.0
3605,宏致,電子工業,1.0
3607,谷崧,電子工業,1.0
3617,碩天,電子工業,1.0
3622,洋華,光電業,1.0
3645,達邁,電子零組件業,1.0
3653,健策,電子工業,1.0
3661,世芯-KY,半導體業,1.0
3669,圓展,光電業,1.0
3673,TPK-KY,光電業,1.0
3694,海華,通信網路業,1.0
3703,欣陸,建材營造,1.0
3705,永信,生技醫療業,1.0
3706,神達,電子工業,1.0
4104,佳醫,化學生技醫療,1.0
4106,雃博,化學生技醫療,1.0
4108,懷特,化學生技醫療,1.0
4119,旭富,化學生技醫療,1.0
4133,亞諾法,化學生技醫療,1.0
4137,麗豐-KY,化學生技醫療,1.0
4142,國光生,化學生技醫療,1.0
4164,承業醫,生技醫療業,1.0
4426,利勤,紡織纖維,1.0
4526,東台,電機機械,1.0
4532,瑞智,電機機械,1.0
4536,拓凱,其他,1.0
4720,德淵,化學工業,1.0
4722,國精化,化學工業,1.0
4736,泰博,化學生技醫療,1.0
4739,康普,化學工業,1.0
4904,遠傳,電子工業,1.0
4906,正文,通信網路業,1.0
4912,聯德控股-KY,電子工業,1.0
4915,致伸,電子零組件業,1.0
4916,事欣科,電腦及週邊設備業,1.0
4927,泰鼎-KY,電子零組件業,1.0
4935,茂林-KY,電子工業,1.0
4942,嘉彰,電子工業,1.0
4952,凌通,半導體業,1.0
4956,光鋐,光電業,1.0
4968,立積,電子工業,1.0
4976,佳凌,光電業,1.0
4977,眾達-KY,通信網路業,1.0
4999,鑫禾,電子工業,1.0
5007,三星,鋼鐵工業,1.0
5203,訊連,資訊服務業,1.0
5234,達興材料,光電業,1.0
5243,乙盛-KY,光電業,1.0
5288,豐祥-KY,電機機械,1.0
5388,中磊,通信網路業,1.0
5434,崇越,電子工業,1.0
5471,松翰,半導體業,1.0
5519,隆大,建材營造,1.0
5521,工信,建材營造,1.0
5522,遠雄,建材營造,1.0
5531,鄉林,建材營造,1.0
5533,皇鼎,建材營造,1.0
5534,長虹,建材營造,1.0
5607,遠雄港,航運業,1.0
5706,鳳凰,觀光事業,1.0
5871,中租-KY,其他,1.0
5880,合庫金,金融保險,1.0
5907,大洋-KY,貿易百貨,1.0
6005,群益證,金融保險,1.0
6024,群益期,金融保險,1.0
6112,邁達特,資訊服務業,1.0
6116,彩晶,光電業,1.0
6120,達運,光電業,1.0
6136,富爾特,通信網路業,1.0
6139,亞翔,其他電子業,1.0
6152,百一,通信網路業,1.0
6166,凌華,電子工業,1.0
6168,宏齊,光電業,1.0
6176,瑞儀,光電業,1.0
6177,達麗,建材營造,1.0
6183,關貿,電子工業,1.0
6184,大豐電,其他,1.0
6189,豐藝,電子工業,1.0
6196,帆宣,其他電子業,1.0
6202,盛群,電子工業,1.0
6205,詮欣,電子工業,1.0
6206,飛捷,電子工業,1.0
6209,今國光,光電業,1.0
6213,聯茂,電子零組件業,1.0
6214,精誠,資訊服務業,1.0
6215,和椿,電子工業,1.0
6216,居易,電子工業,1.0
6226,光鼎,電子工業,1.0
6230,尼得科超眾,電腦及週邊設備業,1.0
6235,華孚,電子工業,1.0
6239,力成,半導體業,1.0
6257,矽格,半導體業,1.0
6269,台郡,電子工業,1.0
6277,宏正,電子工業,1.0
6278,台表科,電子工業,1.0
6281,全國電,電子通路業,1.0
6285,啟碁,電子工業,1.0
6412,群電,電子零組件業,1.0
6449,鈺邦,電子零組件業,1.0
6504,南六,其他,1.0
6505,台塑化,油電燃氣業,1.0
6605,帝寶,汽車工業,1.0
8011,台通,通信網路業,1.0
8016,矽創,電子工業,1.0
8039,台虹,電子工業,1.0
8046,南電,電子工業,1.0
8081,致新,半導體業,1.0
8103,瀚荃,電子工業,1.0
8105,凌巨,光電業,1.0
8110,華東,半導體業,1.0
8112,至上,電子工業,1.0
8131,福懋科,半導體業,1.0
8210,勤誠,電子工業,1.0
8215,明基材,光電業,1.0
8222,寶一,電機機械,1.0
8341,日友,其他,1.0
8374,羅昇,電機機械,1.0
8404,百和興業-KY,其他,1.0
8411,福貞-KY,其他,1.0
8422,可寧衛,其他,1.0
8429,金麗-KY,貿易百貨,1.0
8454,富邦媒,貿易百貨,1.0
8926,台汽電,油電燃氣業,1.0
8996,高力,電機機械,1.0
9802,鈺齊-KY,其他,1.0
9902,台火,其他,1.0
9904,寶成,其他,1.0
9905,大華,其他,1.0
9906,欣巴巴,建材營造,1.0
9907,統一實,其他,1.0
9908,大台北,油電燃氣業,1.0
9910,豐泰,其他,1.0
9912,偉聯,電子工業,1.0
9914,美利達,其他,1.0
9917,中保科,其他,1.0
9919,康那香,其他,1.0
9921,巨大,其他,1.0
9924,福興,其他,1.0
9925,新保,其他,1.0
9930,中聯資源,其他,1.0
9933,中鼎,其他,1.0
9934,成霖,其他,1.0
9935,慶豐富,其他,1.0
9938,百和,其他,1.0
9939,宏全,其他,1.0
9940,信義,其他,1.0
9941,裕融,其他,1.0
9942,茂順,其他,1.0
9944,新麗,其他,1.0
9946,三發地產,建材營造,1.0
9955,佳龍,其他,1.0
9958,世紀鋼,鋼鐵工業,1.0
Automobile,汽車類指數,Index,1.0
BiotechnologyMedicalCare,生技醫療類指數,Index,1.0
BuildingMaterialConstruction,建材營造類指數,Index,1.0
Cement,水泥類指數,Index,1.0
Chemical,化學類指數,Index,1.0
ChemicalBiotechnologyMedicalCare,化學生技醫療類指數,Index,1.0
CommunicationsInternet,通信網路類指數,Index,1.0
ComputerPeripheralEquipment,電腦及週邊設備類指數,Index,1.0
ElectricMachinery,電機機械類指數,Index,1.0
ElectricalCable,電器電纜類指數,Index,1.0
Electronic,電子類指數,Index,1.0
ElectronicPartsComponents,電子零組件類指數,Index,1.0
ElectronicProductsDistribution,電子通路類指數,Index,1.0
FinancialInsurance,金融保險類指數,Index,1.0
Food,食品類指數,Index,1.0
GlassCeramic,玻璃陶瓷類指數,Index,1.0
InformationService,資訊服務類指數,Index,1.0
IronSteel,鋼鐵類指數,Index,1.0
OilGasElectricity,油電燃氣類指數,Index,1.0
Optoelectronic,光電類指數,Index,1.0
Other,其他類指數,Index,1.0
OtherElectronic,其他電子類指數,Index,1.0
PaperPulp,造紙類指數,Index,1.0
Plastics,塑膠類指數,Index,1.0
Rubber,橡膠類指數,Index,1.0
Semiconductor,半導體類指數,Index,1.0
ShippingTransportation,航運業類指數,Index,1.0
TAIEX,加權指數,大盤,1.0
Textiles,紡織纖維類指數,Index,1.0
Tourism,觀光事業類指數,Index,1.0
TradingConsumersGoods,貿易百貨類指數,Index,1.0
1102,亞泥,水泥工業,0.999589995899959
1103,嘉泥,水泥工業,0.999589995899959
1216,統一,食品工業,0.999589995899959
1229,聯華,食品工業,0.999589995899959
1436,華友聯,建材營造,0.999589995899959
1525,江申,汽車工業,0.999589995899959
1614,三洋電,電器電纜,0.999589995899959
1720,生達,化學生技醫療,0.999589995899959
1903,士紙,造紙工業,0.999589995899959
2012,春雨,鋼鐵工業,0.999589995899959
2115,六暉-KY,汽車工業,0.999589995899959
2206,三陽工業,汽車工業,0.999589995899959
2231,為升,汽車工業,0.999589995899959
2303,聯電,電子工業,0.999589995899959
2324,仁寶,電子工業,0.999589995899959
2354,鴻準,其他電子業,0.999589995899959
2371,大同,電機機械,0.999589995899959
2402,毅嘉,電子工業,0.999589995899959
2449,京元電子,半導體業,0.999589995899959
2454,聯發科,半導體業,0.999589995899959
2474,可成,其他電子業,0.999589995899959
2498,宏達電,通信網路業,0.999589995899959
2527,宏璟,建材營造,0.999589995899959
2601,益航,貿易百貨,0.999589995899959
2849,安泰銀,金融保險,0.999589995899959
2887,台新金,金融保險,0.999589995899959
2889,國票金,金融保險,0.999589995899959
2912,統一超,貿易百貨,0.999589995899959
3024,憶聲,電子工業,0.999589995899959
3037,欣興,電子零組件業,0.999589995899959
3048,益登,電子工業,0.999589995899959
3164,景岳,化學生技醫療,0.999589995899959
3266,昇陽,建材營造,0.999589995899959
3296,勝德,電子工業,0.999589995899959
3665,貿聯-KY,其他電子業,0.999589995899959
4551,智伸科,汽車工業,0.999589995899959
4737,華廣,化學生技醫療,0.999589995899959
4746,台耀,化學生技醫療,0.999589995899959
4919,新唐,電子工業,0.999589995899959
4938,和碩,電腦及週邊設備業,0.999589995899959
4958,臻鼎-KY,電子工業,0.999589995899959
5215,科嘉-KY,電子工業,0.999589995899959
5225,東科-KY,電子工業,0.999589995899959
5269,祥碩,電子工業,0.999589995899959
6115,鎰勝,電子工業,0.999589995899959
6128,上福,電子工業,0.999589995899959
6153,嘉聯益,電子工業,0.999589995899959
6155,鈞寶,電子工業,0.999589995899959
6224,聚鼎,電子零組件業,0.999589995899959
6282,康舒,電子零組件業,0.999589995899959
6405,悅城,光電業,0.999589995899959
6409,旭隼,電子工業,0.999589995899959
8163,達方,電子工業,0.999589995899959
8213,志超,電子工業,0.999589995899959
8443,阿瘦,貿易百貨,0.999589995899959
1101,台泥,水泥工業,0.999179991799918
1535,中宇,電機機械,0.999179991799918
1734,杏輝,化學生技醫療,0.999179991799918
2102,泰豐,橡膠工業,0.999179991799918
2104,國際中橡,橡膠工業,0.999179991799918
2397,友通,電子工業,0.999179991799918
2468,華經,資訊服務業,0.999179991799918
2543,皇昌,建材營造,0.999179991799918
2597,潤弘,建材營造,0.999179991799918
2888,新光金,金融保險,0.999179991799918
3002,歐格,電子工業,0.999179991799918
5285,界霖,半導體業,0.999179991799918
6108,競國,電子工業,0.999179991799918
6414,樺漢,電子工業,0.999179991799918
8940,新天地,觀光事業,0.999179991799918
1324,地球,塑膠工業,0.998769987699877
1413,宏洲,紡織纖維,0.998769987699877
1439,雋揚,紡織纖維,0.998769987699877
1453,大將,紡織纖維,0.998769987699877
1516,川飛,其他,0.998769987699877
1541,錩泰,電機機械,0.998769987699877
1725,元禎,化學工業,0.998769987699877
1732,毛寶,化學生技醫療,0.998769987699877
2482,連宇,其他電子業,0.998769987699877
2524,京城,建材營造,0.998769987699877
3346,麗清,汽車工業,0.998769987699877
4545,銘鈺,電子工業,0.998769987699877
5306,桂盟,其他,0.998769987699877
6446,藥華藥,化學生技醫療,0.998769987699877
8114,振樺電,電腦及週邊設備業,0.998769987699877
8463,潤泰材,其他,0.998769987699877
1454,台富,紡織纖維,0.998359983599836
2491,吉祥全,光電業,0.998359983599836
2702,華園,觀光事業,0.998359983599836
2901,欣欣,貿易百貨,0.998359983599836
3036,文曄,電子通路業,0.998359983599836
4755,三福化,化學工業,0.998359983599836
1460,宏遠,紡織纖維,0.997949979499795
1530,亞崴,電機機械,0.997949979499795
1604,聲寶,電器電纜,0.997949979499795
1713,國化,化學生技醫療,0.997949979499795
2406,國碩,光電業,0.997949979499795
2481,強茂,半導體業,0.997949979499795
2539,櫻花建,建材營造,0.997949979499795
6142,友勁,通信網路業,0.997949979499795
6191,精成科,電子工業,0.997949979499795
6201,亞弘電,其他電子業,0.997949979499795
6243,迅杰,電子工業,0.997949979499795
6415,矽力*-KY,半導體業,0.997949979499795
6431,光麗-KY,電子工業,0.997949979499795
6438,迅得,電子工業,0.997949979499795
1110,東泥,水泥工業,0.997539975399754
1451,年興,紡織纖維,0.997539975399754
1618,合機,電器電纜,0.997539975399754
1810,和成,玻璃陶瓷,0.997539975399754
2204,中華,汽車工業,0.997539975399754
2314,台揚,通信網路業,0.997539975399754
2380,虹光,電子工業,0.997539975399754
2455,全新,通信網路業,0.997539975399754
2504,國產,建材營造,0.997539975399754
2505,國揚,建材營造,0.997539975399754
2612,中航,航運業,0.997539975399754
3356,奇偶,光電業,0.997539975399754
4155,訊映,化學生技醫療,0.997539975399754
5284,jpp-KY,其他,0.997539975399754
5608,四維航,航運業,0.997539975399754
1236,宏亞,食品工業,0.997129971299713
1465,偉全,紡織纖維,0.997129971299713
1471,首利,電子工業,0.997129971299713
1563,巧新,汽車工業,0.997129971299713
1582,信錦,電子工業,0.997129971299713
1709,和益,化學工業,0.997129971299713
1717,長興,化學工業,0.997129971299713
1721,三晃,化學工業,0.997129971299713
1726,永記,化學工業,0.997129971299713
1806,冠軍,玻璃陶瓷,0.997129971299713
2006,東和鋼鐵,鋼鐵工業,0.997129971299713
2007,燁興,鋼鐵工業,0.997129971299713
2109,華豐,橡膠工業,0.997129971299713
2208,台船,航運業,0.997129971299713
2317,鴻海,其他電子業,0.997129971299713
2329,華泰,電子工業,0.997129971299713
2332,友訊,通信網路業,0.997129971299713
2368,金像電,電子零組件業,0.997129971299713
2390,云辰,電子工業,0.997129971299713
2404,漢唐,其他電子業,0.997129971299713
2409,友達,光電業,0.997129971299713
2417,圓剛,電子工業,0.997129971299713
2419,仲琦,通信網路業,0.997129971299713
2430,燦坤,電子通路業,0.997129971299713
2436,偉詮電,電子工業,0.997129971299713
2442,新美齊,電子工業,0.997129971299713
2458,義隆,半導體業,0.997129971299713
2465,麗臺,電子工業,0.997129971299713
2603,長榮,航運業,0.997129971299713
2705,六福,觀光事業,0.997129971299713
2915,潤泰全,貿易百貨,0.997129971299713
3025,星通,通信網路業,0.997129971299713
3026,禾伸堂,電子工業,0.997129971299713
3043,科風,其他電子業,0.997129971299713
3056,富華新,建材營造,0.997129971299713
3057,喬鼎,電子工業,0.997129971299713
3311,閎暉,電子工業,0.997129971299713
3532,台勝科,半導體業,0.997129971299713
3592,瑞鼎,半導體業,0.997129971299713
3593,力銘,電子工業,0.997129971299713
3679,新至陞,電子工業,0.997129971299713
3702,大聯大,電子工業,0.997129971299713
3704,合勤控,通信網路業,0.997129971299713
4930,燦星網,電器電纜,0.997129971299713
4934,太極,電子工業,0.997129971299713
4960,誠美材,光電業,0.997129971299713
4994,傳奇,資訊服務業,0.997129971299713
5876,上海商銀,金融保險,0.997129971299713
6141,柏承,電子工業,0.997129971299713
6164,華興,光電業,0.997129971299713
6416,瑞祺電通,電子工業,0.997129971299713
8021,尖點,其他電子業,0.997129971299713
8028,昇陽半導體,半導體業,0.997129971299713
8201,無敵,其他電子業,0.997129971299713
8249,菱光,電子工業,0.997129971299713
9927,泰銘,其他,0.997129971299713
1432,大魯閣,貿易百貨,0.996719967199672
1524,耿鼎,汽車工業,0.996719967199672
1527,鑽全,電機機械,0.996719967199672
1760,寶齡富錦,化學生技醫療,0.996719967199672
2008,高興昌,鋼鐵工業,0.996719967199672
2201,裕隆,汽車工業,0.996719967199672
2342,茂矽,電子工業,0.996719967199672
2374,佳能,光電業,0.996719967199672
2415,錩新,電子工業,0.996719967199672
2480,敦陽科,資訊服務業,0.996719967199672
2514,龍邦,其他,0.996719967199672
2535,達欣工,建材營造,0.996719967199672
3021,鴻名,電子工業,0.996719967199672
3046,建碁,電子工業,0.996719967199672
3049,精金,光電業,0.996719967199672
3050,鈺德,光電業,0.996719967199672
3051,力特,光電業,0.996719967199672
3055,蔚華科,電子工業,0.996719967199672
3060,銘異,電子工業,0.996719967199672
3229,晟鈦,電子工業,0.996719967199672
3380,明泰,通信網路業,0.996719967199672
3432,台端,電子工業,0.996719967199672
3576,聯合再生,光電業,0.996719967199672
4555,氣立,電機機械,0.996719967199672
5469,瀚宇博,電子工業,0.996719967199672
6426,統新,電子工業,0.996719967199672
8150,南茂,半導體業,0.996719967199672
8271,宇瞻,半導體業,0.996719967199672
9943,好樂迪,觀光事業,0.996719967199672
1466,聚隆,紡織纖維,0.996309963099631
1512,瑞利,汽車工業,0.996309963099631
2017,官田鋼,鋼鐵工業,0.996309963099631
2028,威致,鋼鐵工業,0.996309963099631
2337,旺宏,半導體業,0.996309963099631
2438,翔耀,光電業,0.996309963099631
2609,陽明,航運業,0.996309963099631
3015,全漢,電子零組件業,0.996309963099631
4306,炎洲,塑膠工業,0.996309963099631
5525,順天,建材營造,0.996309963099631
8072,陞泰,電子工業,0.996309963099631
9937,全國,油電燃氣業,0.996309963099631
1225,福懋油,食品工業,0.9958999589995899
1443,立益,紡織纖維,0.9958999589995899
1809,中釉,玻璃陶瓷,0.9958999589995899
1905,華紙,造紙工業,0.9958999589995899
2373,震旦行,其他電子業,0.9958999589995899
2472,立隆電,電子工業,0.9958999589995899
2501,國建,建材營造,0.9958999589995899
3035,智原,電子工業,0.9958999589995899
3040,遠見,其他,0.9958999589995899
3054,立萬利,電子工業,0.9958999589995899
6133,金橋,電子工業,0.9958999589995899
6197,佳必琪,電子工業,0.9958999589995899
6283,淳安,電子工業,0.9958999589995899
8033,雷虎,其他,0.9958999589995899
8261,富鼎,半導體業,0.9958999589995899
9911,櫻花,其他,0.9958999589995899
1325,恆大,塑膠工業,0.995489954899549
2897,王道銀行,金融保險,0.995489954899549
5515,建國,建材營造,0.995489954899549
6117,迎廣,電子工業,0.995489954899549
1457,宜進,紡織纖維,0.995079950799508
3149,正達,光電業,0.995079950799508
3321,同泰,電子工業,0.995079950799508
6165,浪凡,電子工業,0.995079950799508
1611,中電,電器電纜,0.994669946699467
2633,台灣高鐵,航運業,0.994669946699467
3022,威強電,電子工業,0.994669946699467
5484,慧友,光電業,0.994669946699467
6442,光聖,通信網路業,0.994669946699467
1417,嘉裕,紡織纖維,0.994259942599426
1423,利華,紡織纖維,0.994259942599426
1441,大東,紡織纖維,0.994259942599426
1449,佳和,紡織纖維,0.994259942599426
2022,聚亨,鋼鐵工業,0.994259942599426
2364,倫飛,電子工業,0.994259942599426
2478,大毅,電子工業,0.994259942599426
2534,宏盛,建材營造,0.994259942599426
2911,麗嬰房,貿易百貨,0.994259942599426
3041,揚智,半導體業,0.994259942599426
3494,誠研,電子工業,0.994259942599426
4961,天鈺,半導體業,0.994259942599426
9945,潤泰新,其他,0.994259942599426
1235,興泰,食品工業,0.993849938499385
1315,達新,塑膠工業,0.993849938499385
1615,大山,電器電纜,0.993849938499385
2363,矽統,半導體業,0.993849938499385
2923,鼎固-KY,建材營造,0.993849938499385
3545,敦泰,半導體業,0.993849938499385
3652,精聯,電子工業,0.993849938499385
3686,達能,半導體業,0.993849938499385
6192,巨路,電子工業,0.993849938499385
6271,同欣電,電子工業,0.993849938499385
6451,訊芯-KY,電子工業,0.993849938499385
1316,上曜,建材營造,0.993439934399344
1419,新紡,紡織纖維,0.993439934399344
1410,南染,紡織纖維,0.993029930299303
2340,台亞,光電業,0.993029930299303
2316,楠梓電,電子工業,0.992619926199262
2477,美隆電,其他電子業,0.992619926199262
2929,淘帝-KY,貿易百貨,0.992619926199262
5258,虹堡,電子工業,0.992619926199262
8070,長華*,電子工業,0.992619926199262
2440,太空梭,電子工業,0.992209922099221
3130,一零四,電子工業,0.992209922099221
1617,榮星,電器電纜,0.99179991799918
2349,錸德,光電業,0.99179991799918
2489,瑞軒,光電業,0.99179991799918
3481,群創,電子工業,0.991389913899139
2492,華新科,電子工業,0.990979909799098
2323,中環,光電業,0.990569905699057
1109,信大,水泥工業,0.990159901599016
2375,凱美,電子工業,0.990159901599016
